{
  "feature_columns": [
    "total_emails",
    "avg_emails_per_day",
    "recent_email_count",
    "avg_email_size",
    "max_email_size",
    "attachment_rate",
    "after_hours_ratio",
    "weekend_ratio",
    "recipient_diversity",
    "content_length_std",
    "avg_content_length",
    "hour_std",
    "unusual_hour_emails",
    "size_change_ratio"
  ],
  "importance_ranking": [
    {
      "feature": "unusual_hour_emails",
      "normal_mean": 0.0001058140651392237,
      "anomaly_mean": 0.006959351886999259,
      "difference_ratio": 64.769629754254
    },
    {
      "feature": "after_hours_ratio",
      "normal_mean": 0.016040478432273575,
      "anomaly_mean": 0.05194204463042744,
      "difference_ratio": 2.238185497380154
    },
    {
      "feature": "size_change_ratio",
      "normal_mean": 0.07072422510601364,
      "anomaly_mean": 0.1265312009803262,
      "difference_ratio": 0.7890786472479472
    },
    {
      "feature": "total_emails",
      "normal_mean": 2682.49347826087,
      "anomaly_mean": 2026.0625,
      "difference_ratio": 0.24470925412517724
    },
    {
      "feature": "avg_emails_per_day",
      "normal_mean": 4.026695190957152,
      "anomaly_mean": 3.1941680094281892,
      "difference_ratio": 0.2067519745220818
    },
    {
      "feature": "recipient_diversity",
      "normal_mean": 0.4685750483632453,
      "anomaly_mean": 0.5544057644152631,
      "difference_ratio": 0.1831738935989625
    },
    {
      "feature": "hour_std",
      "normal_mean": 2.9155836555667225,
      "anomaly_mean": 3.251697375039835,
      "difference_ratio": 0.11528179575001064
    },
    {
      "feature": "attachment_rate",
      "normal_mean": 0.39822949579853023,
      "anomaly_mean": 0.43866990672021855,
      "difference_ratio": 0.10155051634384128
    },
    {
      "feature": "recent_email_count",
      "normal_mean": 25.943478260869565,
      "anomaly_mean": 23.7,
      "difference_ratio": 0.0864756158873806
    },
    {
      "feature": "max_email_size",
      "normal_mean": 86958.0402173913,
      "anomaly_mean": 81742.625,
      "difference_ratio": 0.05997622766512438
    }
  ],
  "model_metadata": {
    "model_type": "IsolationForest",
    "contamination": 0.08,
    "n_estimators": 200,
    "training_date": "2025-12-27 15:33:28",
    "total_users": 1000,
    "anomaly_count": 80,
    "accuracy_metrics": {
      "accuracy": 0.919,
      "precision": 0.025,
      "recall": 0.4,
      "f1_score": 0.04705882352941177,
      "confusion_matrix": {
        "TP": 2,
        "FP": 78,
        "TN": 917,
        "FN": 3
      }
    }
  }
}